sample_id,input_type,input,library_id
SAMN00993249,srr,SRR511892,PIGikpDAWDBAAPE
SAMN00993250,srr,SRR511911,PIGikpDAWDBAAPE
SAMN00993251,srr,SRR511912,PIGikpDAWDIAAPE
SAMN00993252,srr,SRR511913,PIGikpDAWDIAAPE
SAMN00993253,srr,SRR511914,PIGikpDAWDMAAPE
SAMN00993254,srr,SRR511915,PIGikpDAWDMAAPE
SAMN01057532,srr,SRR516967,8449X1
SAMN01057533,srr,SRR516968,8449X2
SAMN01057534,srr,SRR516969,COLcalRDGDIAAPE
SAMN01057534,srr,SRR516970,COLcalRDSDIAAPE
SAMN01057534,srr,SRR516971,COLcalRDQDIAAPE
SAMN01057535,srr,SRR516972,PIGtkyRDIDIAAPEI-7
SAMN01057539,srr,SRR516976,COLcalRBCDIAAPE
SAMN01057540,srr,SRR516977,COLcalRAGDIAAPE
SAMN01057541,srr,SRR516978,COLcalRAHDIAAPE
SAMN01057542,srr,SRR516979,COLcalRAIDIAAPE
SAMN01057543,srr,SRR516980,COLcalRAJDIAAPE
SAMN01057544,srr,SRR516981,COLcalRAKDIAAPE
SAMN01057546,srr,SRR516983,COLcalRAMDIAAPE
SAMN01057547,srr,SRR516984,COLcalRANDIAAPE
SAMN01057548,srr,SRR516985,COLcalRAODIAAPE
SAMN01057550,srr,SRR516987,COLcalRAQDIAAPE
SAMN01057552,srr,SRR516989,COLcalRASDIAAPE
SAMN01057554,srr,SRR516991,COLcalRADDIAAPE
SAMN01057555,srr,SRR516992,COLcalRAFDIAAPE
SAMN01057557,srr,SRR516994,COLcalRABDIAAPE
SAMN01057558,srr,SRR516995,COLcalRBDDIAAPE
SAMN01057559,srr,SRR516996,COLcalRBEDIAAPE
SAMN01057560,srr,SRR516997,COLcalRBFDIAAPE
SAMN01057561,srr,SRR516998,COLcalRBGDIAAPE
SAMN01057562,srr,SRR516999,COLcalRBHDIAAPE
SAMN01057563,srr,SRR517000,COLcalRBIDIAAPE
SAMN01057564,srr,SRR517001,COLcalRBJDIAAPE
SAMN01057565,srr,SRR517002,COLcalRAUDIAAPE
SAMN01057566,srr,SRR517003,COLcalRAVDIAAPE
SAMN01057568,srr,SRR517005,COLcalRAXDIAAPE
SAMN01057569,srr,SRR517006,COLcalRAYDIAAPE
SAMN01057570,srr,SRR517007,COLcalRAZDIAAPE
SAMN01057571,srr,SRR517008,COLcalRBADIAAPE
SAMN01057572,srr,SRR517009,COLcalRBBDIAAPE
SAMN08237484,srr,SRR6415115,GENOME_RP_1
SAMN08237486,srr,SRR6415113,GENOME_RP_3
SAMN08237487,srr,SRR6415112,GENOME_RP_4
SAMN08237488,srr,SRR6415111,GENOME_RP_5
SAMN08237489,srr,SRR6415110,GENOME_RP_6
SAMN08237490,srr,SRR6415109,GENOME_RP_7
SAMN08286836,srr,SRR6435927,11186X12
SAMN08286837,srr,SRR6435926,11573X1
SAMN08286838,srr,SRR6435931,11573X2
SAMN08286839,srr,SRR6435930,11573X3
SAMN08286840,srr,SRR6435937,11573X4
SAMN08286841,srr,SRR6435936,11573X5
SAMN08286842,srr,SRR6435919,11573X6
SAMN08286843,srr,SRR6435906,11573X7
SAMN08286844,srr,SRR6435925,11573X8
SAMN10715651,srr,SRR8420407,11186X10
SAMN10715652,srr,SRR8420406,11186X11
SAMN10715662,srr,SRR8420391,12319X1
SAMN10715663,srr,SRR8420394,12319X2
SAMN10715664,srr,SRR8420393,12319X3
SAMN10715665,srr,SRR8420388,12319X4
SAMN10715666,srr,SRR8420387,12319X5
SAMN10715667,srr,SRR8420390,12319X6
SAMN10715668,srr,SRR8420389,12319X7
SAMN10715669,srr,SRR8420397,12319X8
SAMN10715670,srr,SRR8420396,12097X2
SAMN10715671,srr,SRR8420395,12097X3
SAMN11518949,srr,SRR9003408,112631X1
SAMN11518950,srr,SRR9003409,11298X2
SAMN11518951,srr,SRR9003410,12097X6
SAMN11518952,srr,SRR9003411,12097X5
SAMN11518953,srr,SRR9003406,12097X4
SAMN11518954,srr,SRR9003407,12097X1
SAMN12697399,srr,SRR10103019,s46_KIZ-HOP16
SAMN12697424,srr,SRR10103015,s51_KIZ-SHT1
SAMN12697476,srr,SRR10103014,s52_KIZ-SHT2
SAMN12697536,srr,SRR10103012,s54_KIZ-SHT4
SAMN16912471,srr,SRR13167028,14064X1_COF
SAMN16912472,srr,SRR13167027,14064X2_AFO
SAMN16912473,srr,SRR13167016,14064X3_LFT
SAMN16912474,srr,SRR13167005,14064X5_HEL
SAMN16912475,srr,SRR13166994,14064X6_CNT
SAMN16912476,srr,SRR13166983,14064X7_BUT
SAMN16912477,srr,SRR13166971,14064X8_ITO
SAMN16912478,srr,SRR13166960,14619X1_RAH
SAMN16912479,srr,SRR13166955,14619X2_RAH
SAMN16912480,srr,SRR13166947,14619X3_RAH
SAMN16912481,srr,SRR13167026,14619X4_RAH
SAMN16912482,srr,SRR13167025,14619X5_RAH
SAMN16912483,srr,SRR13167024,14619X6_RAH
SAMN16912484,srr,SRR13167023,15321X1_AFO
SAMN16912485,srr,SRR13167022,15321X2_BST
SAMN16912486,srr,SRR13167021,15321X3_BUT
SAMN16912487,srr,SRR13167020,15321X4_EGS
SAMN16912488,srr,SRR13167019,15321X5_ELT
SAMN16912489,srr,SRR13167018,15321X6_EST
SAMN16912490,srr,SRR13167017,15321X7_HEL
SAMN16912491,srr,SRR13167015,15321X8_ITO
SAMN16912492,srr,SRR13167014,15321X9_UZT
SAMN16912493,srr,SRR13167013,15778X1_DAH
SAMN16912494,srr,SRR13167012,15778X2_TEM
SAMN16912495,srr,SRR13167011,15778X3_SCM
SAMN16912496,srr,SRR13167010,15778X4_FAS
SAMN16912497,srr,SRR13167009,15778X5_HGH
SAMN16912498,srr,SRR13167008,15778X6_CSF
SAMN16912499,srr,SRR13167007,15778X7_SAI
SAMN16912500,srr,SRR13167006,15778X8_FRT
SAMN16912501,srr,SRR13167004,15778X9_NUN
SAMN16912502,srr,SRR13167003,15778X10_RUS
SAMN16912503,srr,SRR13167002,15778X11_AMH
SAMN16912504,srr,SRR13167001,15778X12_HAM
SAMN16912505,srr,SRR13167000,15778X13_BOK
SAMN16912506,srr,SRR13166999,15778X14_KOT
SAMN16912507,srr,SRR13166998,15778X15_BUP
SAMN16912508,srr,SRR13166997,15778X16_MIF
SAMN16912509,srr,SRR13166996,15778X17_NAK
SAMN16912510,srr,SRR13166995,15778X18_TUT
SAMN16912511,srr,SRR13166993,15778X19_AUT
SAMN16912512,srr,SRR13166992,15778X20_NOC
SAMN16912513,srr,SRR13166991,15778X21_TAG
SAMN16912514,srr,SRR13166990,16238X1_CAN
SAMN16912515,srr,SRR13166989,16238X2_GRA
SAMN16912516,srr,SRR13166988,16238X3_VMT
SAMN16912517,srr,SRR13166987,16238X4_BLT
SAMN16912518,srr,SRR13166986,16238X5_DAM
SAMN16912519,srr,SRR13166985,16238X6_DRA
SAMN16912520,srr,SRR13166984,16238X7_ENC
SAMN16912521,srr,SRR13166982,16238X8_ENM
SAMN16912522,srr,SRR13166981,16238X10_SCA
SAMN16912523,srr,SRR13166980,16238X11_MAC
SAMN16912524,srr,SRR13166979,16238X12_RHR
SAMN17005599,srr,SRR13203432,COLI0678
SAMN17005601,srr,SRR13203419,COLI0696
SAMN17005602,srr,SRR13203408,COLI0703
SAMN17005603,srr,SRR13203397,COLI0710
SAMN17005604,srr,SRR13203386,COLI0720
SAMN17005605,srr,SRR13203375,COLI0735
SAMN17005606,srr,SRR13203364,COLI0753
SAMN17005608,srr,SRR13203342,COLI0759
SAMN17005609,srr,SRR13203430,COLI0760
SAMN17005611,srr,SRR13203427,COLI0777
SAMN17005612,srr,SRR13203426,COLI0781
SAMN17005613,srr,SRR13203425,COLI0813
SAMN17005614,srr,SRR13203424,COLI0819
SAMN17005615,srr,SRR13203423,COLI0824
SAMN17005616,srr,SRR13203422,COLI0829
SAMN17005617,srr,SRR13203421,COLI0835
SAMN17005618,srr,SRR13203420,COLI0836
SAMN17005619,srr,SRR13203418,COLI0999
SAMN17005620,srr,SRR13203417,COLI1003
SAMN17005621,srr,SRR13203416,COLI1016
SAMN17005622,srr,SRR13203415,COLI1031
SAMN17005623,srr,SRR13203414,COLI1046
SAMN17005624,srr,SRR13203413,COLI1052
SAMN17005625,srr,SRR13203412,COLI1054
SAMN17005626,srr,SRR13203411,COLI1056
SAMN17005627,srr,SRR13203410,COLI1061
SAMN17005629,srr,SRR13203407,COLI1246
SAMN17005630,srr,SRR13203406,COLI1250
SAMN17005631,srr,SRR13203405,COLI1253
SAMN17005632,srr,SRR13203404,COLI1254
SAMN17005633,srr,SRR13203403,COLI1259
SAMN17005634,srr,SRR13203402,COLI1273
SAMN17005635,srr,SRR13203401,COLI1294
SAMN17005636,srr,SRR13203400,COLI1299
SAMN17005637,srr,SRR13203399,COLI1321
SAMN17005638,srr,SRR13203398,COLI1322
SAMN17005639,srr,SRR13203396,COLI1331
SAMN17005640,srr,SRR13203395,COLI1332
SAMN17005641,srr,SRR13203394,COLI1353
SAMN17005642,srr,SRR13203393,COLI1356
SAMN17005643,srr,SRR13203392,COLI1357
SAMN17005644,srr,SRR13203391,COLI1362
SAMN17005645,srr,SRR13203390,COLI1376
SAMN17005646,srr,SRR13203389,COLI1378
SAMN17005647,srr,SRR13203388,COLI1382
SAMN17005648,srr,SRR13203387,COLI1477
SAMN17005649,srr,SRR13203385,COLI1488
SAMN17005650,srr,SRR13203384,COLI1501
SAMN17005651,srr,SRR13203383,COLI1504
SAMN17005652,srr,SRR13203382,COLI1511
SAMN17005653,srr,SRR13203381,COLI1512
SAMN17005655,srr,SRR13203379,COLI1518
SAMN17005656,srr,SRR13203378,COLI1520
SAMN17005657,srr,SRR13203377,COLI1522
SAMN17005659,srr,SRR13203374,COLI1535
SAMN17005660,srr,SRR13203373,COLI1539
SAMN17005661,srr,SRR13203372,COLI1554
SAMN17005663,srr,SRR13203370,COLI1568
SAMN17005664,srr,SRR13203369,COLI1569
SAMN17005666,srr,SRR13203367,COLI1582
SAMN17005667,srr,SRR13203366,COLI1599
SAMN17005668,srr,SRR13203365,COLI1603
SAMN17005669,srr,SRR13203363,COLI1604
SAMN17005670,srr,SRR13203362,COLI1606
SAMN17005671,srr,SRR13203361,COLI1610
SAMN17005673,srr,SRR13203359,COLI1632
SAMN17005674,srr,SRR13203358,COLI1795
SAMN17005675,srr,SRR13203357,COLI1808
SAMN17005676,srr,SRR13203356,COLI1816
SAMN17005677,srr,SRR13203355,COLI1835
SAMN17005679,srr,SRR13203352,COLI1848
SAMN17005680,srr,SRR13203351,COLI1850
SAMN17005682,srr,SRR13203349,COLI1855
SAMN17005683,srr,SRR13203348,COLI1859
SAMN17005684,srr,SRR13203347,COLI1866
SAMN17005685,srr,SRR13203346,COLI1872
SAMN17005686,srr,SRR13203345,COLI1873
SAMN17005687,srr,SRR13203344,COLI2023
SAMN17005688,srr,SRR13203343,COLI2027
SAMN17005689,srr,SRR13203341,COLI2032
SAMN17005690,srr,SRR13203340,COLI2033
SAMN28200689,srr,SRR19175028,NIBRGR0000605604
SAMN35842927,srr,SRR25008971,18808X1
SAMN35842928,srr,SRR25008970,18808X2
SAMN35842929,srr,SRR25008959,18808X3
SAMN35842930,srr,SRR25008948,18808X4
SAMN35842931,srr,SRR25008938,18808X5
SAMN35842932,srr,SRR25008937,18808X6
SAMN35842933,srr,SRR25008936,18808X7
SAMN35842934,srr,SRR25008935,18808X8
SAMN35842935,srr,SRR25008934,18808X9
SAMN35842936,srr,SRR25008933,18808X10
SAMN35842937,srr,SRR25008969,18808X11
SAMN35842938,srr,SRR25008968,18808X12
SAMN35842939,srr,SRR25008967,18808X13
SAMN36892106,srr,SRR25956418,18282X1_RAH_MDS_004_M
SAMN43039852,srr,SRR30172937,bColLiv2_Illumina_1
SAMN43039853,srr,SRR30172931,bColLiv3_Illumina_1
