bioproject,status,title,submitter,doi,citation,reviewed_by,reviewed_on,notes
PRJDB13385,unreviewed,Whole genome low coverage resequencing data from Golden eagles,National Institute for Environmental Studies,,,,,no Europe PMC full-text match
PRJDB18694,unreviewed,WGS of Kelsey Creek threespine stickleback population,National Institute of Genetics,,,,,no Europe PMC full-text match
PRJDB2132,unreviewed,Whole genome sequencing of tammar wallaby,"Center for Genetic Resource Information, Comparative Genomics Laboratory, National Institute of Genetics, Research Organization of Information and Systems",,,,,no Europe PMC full-text match
PRJDB3068,unreviewed,Dramatic improvement in genome assembly by using doubled-haploid individuals,"Labolatory of Aquatic Molecular Biology and Biotechnology, The University of Tokyo",,,,,no Europe PMC full-text match
PRJDB6607,unreviewed,Simultaneous and highly efficient construction of two independent sets of high-density linkage maps and draft sequences using an artificially generated hybrid organism,the University of Tokyo,,,,,no Europe PMC full-text match
PRJDB7253,unreviewed,The genome sequences of betta splendens,"Molecular Population Genetics Group, Temasek Lifesciences Laboratory",10.24272/j.issn.2095-8137.2021.266,Wang L et al. (2022) Whole-genome resequencing infers genomic basis of giant phenotype in Siamese fighting fish ( <i>Betta splendens</i>),,,3 candidates; top one shown
PRJDB7538,unreviewed,"Application of highly multiplexed amplicon sequencing in torafugu, Takifugu rubripes.","Fisheries Laboratory, Graduate School of Agricultural and Life Sciences, University of Tokyo",10.1038/s41598-019-43336-x,Sato M et al. (2019) A highly flexible and repeatable genotyping method for aquaculture studies based on target amplicon sequencing using next-generation sequencing technology,,,
PRJDB7806,unreviewed,Draft genome sequence of White-tailed eagle,"Environmental Genomics Office, Center for Enviromental Biology and Ecosystem Studies, National Institute for Environmental Studies",,,,,no Europe PMC full-text match
PRJDB7811,unreviewed,Draft genome sequence of Peregrine Falcon,"Environmental Genomics Office, Center for Enviromental Biology and Ecosystem Studies, National Institute for Environmental Studies",10.1038/s41598-025-88216-9,Al-Ajli FO et al. (2025) Chromosome-level reference genome assembly of the gyrfalcon (Falco rusticolus) and population genomics offer insights into the falcon population in Mongolia,,,
PRJDB9073,unreviewed,WGS of sympatric P. pungitius and P. sinensis,National Institute of Genetics,,,,,no Europe PMC full-text match
PRJEB10586,unreviewed,"We show the fine-scale recombination landscape is stable across tens of millions of years in birds, in sharp contrast to what is seen in primates and mice.",Columbia University,10.1002/ece3.72313,Hooper DM et al. (2025) Recent Divergence and Microgeographic Genetic Structure in an Endangered Australian Songbird: The Southern Black-Throated Finch,,,5 candidates; top one shown
PRJEB11743,unreviewed,WHOLE GENOME SEQUENCING OF TURBOT: A FISH ADAPTED TO DEMERSAL LIFE,Centro Nacional de Análisis Genómico,10.1093/dnares/dsw007,Figueras A et al. (2016) Whole genome sequencing of turbot (Scophthalmus maximus; Pleuronectiformes): a fish adapted to demersal life,,,3 candidates; top one shown
PRJEB1254,unreviewed,Cichlid_diversity_sequencing___WTMGM_student_project,Wellcome Sanger Institute,10.1016/j.isci.2023.108669,Liu Z et al. (2024) Nuclear environmental DNA resolves fine-scale population genetic structure in an aquatic habitat,,,12 candidates; top one shown
PRJEB14402,unreviewed,Genomic insights reveal a shared demographic history of differentiated Atlantic and Indo-Pacific yellowfin tuna (Thunnus albacares) populations,University of Oslo,10.1093/gbe/evx067,Barth JMI et al. (2017) Genomic Differentiation and Demographic Histories of Atlantic and Indo-Pacific Yellowfin Tuna (Thunnus albacares) Populations,,,
PRJEB15181,unreviewed,"Region-wide and ecotype-specific differences in demographic histories of threespine stickleback populations, estimated from whole genome sequences","AARHUS UNIVERSITY, DENMARK",,,,,no Europe PMC full-text match
PRJEB15235,unreviewed,Fitness Consequences of Polymorphic Inversions in the Zebra Finch Genome,Max Planck Institute for Ornithology,,,,,no Europe PMC full-text match
PRJEB15663,unreviewed,The first draft reference genome of the American mink (Neovison vison),Center for Quantitative Genetics and Genomics,,,,,no Europe PMC full-text match
PRJEB16307,unreviewed,American mink genome sequencing,AARHUS UNIVERSITY,10.1038/s41598-017-15169-z,Cai Z et al. (2017) The first draft reference genome of the American mink (Neovison vison),,,
PRJEB19273,unreviewed,Vertebrate_Genome_Project_FISH,Wellcome Sanger Institute,10.1038/s41597-024-03277-1,Fodor E et al. (2024) The reference genome of Macropodus opercularis (the paradise fish),,,5 candidates; top one shown
PRJEB20373,unreviewed,A Phylogenomic Perspective on the Evolutionary History of the True Geese,WAGENINGEN UNIVERSITY,10.1093/molbev/msac160,Jax E et al. (2022) Comparative Genomics of the Waterfowl Innate Immune System,,,2 candidates; top one shown
PRJEB21343,unreviewed,Whole_genome_sequences_of_Lake_Malawi_haplochromine_cichlid_fish,Wellcome Sanger Institute,10.1093/molbev/msaf147,Camacho García JI et al. (2025) Widespread Genetic Signals of Visual System Adaptation in Deepwater Cichlid Fishes,,,
PRJEB22206,unreviewed,25_Genomes_for_25_Years_of_Genomics,Wellcome Sanger Institute,,,,,no Europe PMC full-text match
PRJEB25124,unreviewed,Anabantoid_93_fin_clips,Wellcome Sanger Institute,10.1126/sciadv.abm4950,Kwon YM et al. (2022) Genomic consequences of domestication of the Siamese fighting fish,,,
PRJEB27649,unreviewed,Signatures of human-commensalism in the house sparrow genome,University of Oslo,10.1098/rspb.2018.1246,Ravinet M et al. (2018) Signatures of human-commensalism in the house sparrow genome,,,
PRJEB27804,unreviewed,2018_cichlid_Massoko_DNA,Wellcome Sanger Institute,10.1016/j.isci.2023.108669,Liu Z et al. (2024) Nuclear environmental DNA resolves fine-scale population genetic structure in an aquatic habitat,,,
PRJEB30931,unreviewed,This is a data repository for sheep genomes that have been re-sequenced for various congenital traits,"Institute of Genetics, University of Bern, Switzerland",10.1186/s12711-025-01002-z,Jacinto J et al. (2025) Exploring skeletal disorders in cattle and sheep: a WGS-based framework for diagnosis and classification,,,6 candidates; top one shown
PRJEB31857,unreviewed,This dataset includes a total of 266 whole genome sequencing data from goats (AGIN-USDA). It has been uploaded for the VarGoats Consortium (http://www.goatgenome.org/vargoats.html). To use this dataset please contact: Emily.Clark@roslin.ed.ac.uk or gwenola.tosser@inra.fr or Ben.Rosen@ARS.USDA.GOV or vargoats@inra.fr,THE ROSLIN INSTITUTE,10.1101/2025.09.30.679575,Mármol-Sánchez E et al. (2025) The variability of goat microRNA genes is strongly shaped by functional constraints,,,2 candidates; top one shown
PRJEB32126,unreviewed,Evolution of pregnancy reveals remodeling of vertebrate immunity,University of Oslo,10.1073/pnas.1916251117,Roth O et al. (2020) Evolution of male pregnancy associated with remodeling of canonical vertebrate immunity in seahorses and pipefishes,,,
PRJEB32376,unreviewed,Cross_species_somatic_mutation_rate_project___ring_tailed_lemur,Wellcome Sanger Institute,,,,,no Europe PMC full-text match
PRJEB35788,unreviewed,Recent introgression between Taiga Bean Goose and Tundra Bean Goose results in a largely homogeneous landscape of genetic differentiation,WAGENINGEN UNIVERSITY,10.1186/s12862-023-02103-3,Ottenburghs J et al. (2023) Highly differentiated loci resolve phylogenetic relationships in the Bean Goose complex,,,2 candidates; top one shown
PRJEB36560,unreviewed,Whole-genome assembly of European plaice (Pleuronectes platessa),Thuenen-Institute of Fisheries Ecology,,,,,no Europe PMC full-text match
PRJEB36564,unreviewed,Low-coverage whole-genome re-sequencing of European plaice (Pleuronectes platessa),Thuenen-Institute of Fisheries Ecology,,,,,no Europe PMC full-text match
PRJEB37122,unreviewed,"This dataset includes a total of 337 whole genome sequencing data from goats generated at Genoscope (Evry, France). It has been uploaded for the VarGoats Consortium (http://www.goatgenome.org/vargoats.html). To use this dataset please contact: gwenola.tosser@inra.fr or vargoats@inrae.fr",THE ROSLIN INSTITUTE,10.1016/j.vas.2026.100626,Petzl E et al. (2026) Identification of a recessive &lt;i&gt;PCDH15&lt;/i&gt; nonsense variant in purebred goats with vestibular dysfunction,,,5 candidates; top one shown
PRJEB37208,unreviewed,This dataset includes a total of 20 whole genome sequencing data from goats (AGIN-USDA). It has been uploaded for the VarGoats Consortium (http://www.goatgenome.org/vargoats.html). To use this dataset please contact: Emily.Clark@roslin.ed.ac.uk or gwenola.tosser@inrae.fr or Ben.Rosen@ARS.USDA.GOV or vargoats@inrae.fr,THE ROSLIN INSTITUTE,10.1101/2025.09.30.679575,Mármol-Sánchez E et al. (2025) The variability of goat microRNA genes is strongly shaped by functional constraints,,,2 candidates; top one shown
PRJEB39374,unreviewed,Sequencing of Swiss Large White pigs to assess genomic variation,ETH ZURICH,10.1186/s12711-026-01040-1,Gorssen W et al. (2026) Genetic analysis of iris pigmentation in Swiss pig breeds identifies a missense KITLG variant as a potential causal factor for pale and heterochromatic irises,,,10 candidates; top one shown
PRJEB39599,unreviewed,Whole-genome sequencing of wild nine-spined sticklebacks,UNIVERSITY OF HELSINKI,10.32607/actanaturae.27528,Nedoluzhko AV et al. (2025) Intergeneric Introgression Enhances the Adaptive Potential of Nine-Spined Stickleback (Pungitius pungitius),,,6 candidates; top one shown
PRJEB39736,unreviewed,Nine-spined stickleback linkage map (parents),UNIVERSITY OF HELSINKI,,,,,no Europe PMC full-text match
PRJEB40857,unreviewed,Whole genome sequencing of several lesser white-fronted goose (Anser erythropus) from diverse locations.,NATURHISTORISKA RIKSMUSEET,10.1038/s41598-020-75315-y,Díez-Del-Molino D et al. (2020) Population genomics reveals lack of greater white-fronted introgression into the Swedish lesser white-fronted goose,,,
PRJEB42236,unreviewed,"Trachurus trachurus (Atlantic horse mackerel), genomic and transcriptomic data",WELLCOME SANGER INSTITUTE,,,,,no Europe PMC full-text match
PRJEB44823,unreviewed,"Caprimulgus europaeus (Eurasian nightjar), genomic and transcriptomic data",WELLCOME SANGER INSTITUTE,,,,,no Europe PMC full-text match
PRJEB45133,unreviewed,"Thunnus albacares (yellowfin tuna), genomic and transcriptomic data",WELLCOME SANGER INSTITUTE,,,,,no Europe PMC full-text match
PRJEB47792,unreviewed,whole-genome re-sequencing of the Alpine whitefish radiation,EAWAG,10.1038/s41467-022-32181-8,De-Kayne R et al. (2022) Genomic architecture of adaptive radiation and hybridization in Alpine whitefish,,,
PRJEB48145,unreviewed,WGS_from_laboratory_crosses_of_cichlid_fish,Wellcome Sanger Institute,,,,,no Europe PMC full-text match
PRJEB48726,unreviewed,Gene flow in coastal fishes in Norway,center for coastal research,10.1111/mec.16415,Knutsen H et al. (2022) Combining population genomics with demographic analyses highlights habitat patchiness and larval dispersal as determinants of connectivity in coastal fish species,,,
PRJEB48921,unreviewed,WGS_from_Tanzania_cichlid_fish,Wellcome Sanger Institute,,,,,no Europe PMC full-text match
PRJEB49185,unreviewed,Evolution_of_meiotic_recombination_and_genomic_divergence_in_percomorph_fishes,Wellcome Sanger Institute,10.1093/genetics/iyaf150,Malinsky M et al. (2026) Hi-reComb: constructing recombination maps from bulk gamete Hi-C sequencing,,,2 candidates; top one shown
PRJEB50463,unreviewed,"This dataset includes a total of 60 whole genome sequencing data from goats generated at Genoscope (Evry, France). It has been uploaded for the VarGoats Consortium (http://www.goatgenome.org/vargoats.html). To use this dataset please contact: gwenola.tosser@inrae.fr or vargoats@inrae.fr",THE ROSLIN INSTITUTE,,,,,no Europe PMC full-text match
PRJEB51909,unreviewed,Large White diversity and evolution,INRAE,10.1186/s12711-023-00789-z,Boitard S et al. (2023) Whole-genome sequencing of cryopreserved resources from French Large White pigs at two distinct sampling times reveals strong signatures of convergent and divergent selection between the dam and sire lines,,,
PRJEB56589,unreviewed,Whole-Genome Bisulfite Sequencing analysis of milk samples from Assaf ewes,departamento de produccion animal,10.1186/s12864-025-11520-1,Fonseca PAS et al. (2025) Integration of epigenomic and genomic data to predict residual feed intake and the feed conversion ratio in dairy sheep via machine learning algorithms,,,2 candidates; top one shown
PRJEB57283,unreviewed,"Haliaeetus albicilla (white-tailed eagle), genomic and transcriptomic data",WELLCOME SANGER INSTITUTE,,,,,no Europe PMC full-text match
PRJEB58761,unreviewed,Tetrao_urogallus_Popgen,Wellcome Sanger Institute,,,,,no Europe PMC full-text match
PRJEB59012,unreviewed,Anadromy in Esox lucius in the southern Baltic Sea,university of oldenburg,,,,,no Europe PMC full-text match
PRJEB59576,unreviewed,"WGS data for primates sequenced in Kuderna et al., 2023",IBE(CSIC-UNIVERSITAT POMPEU FABRA),10.1038/s41597-025-06124-z,Han S et al. (2025) A curated dataset of great ape genome diversity,,,2 candidates; top one shown
PRJEB60682,unreviewed,De novo mutation rates in sticklebacks,zchaowei,10.1093/molbev/msad192,Zhang C et al. (2023) De Novo Mutation Rates in Sticklebacks,,,
PRJEB6383,unreviewed,"The genome sequence of the North island brown kiwi, Apteryx mantelli",Max Planck Institute for Evolutionary Anthropology,10.1080/23802359.2016.1186511,Liu J et al. (2016) The complete mitochondrial genome of North Island brown kiwi (<i>Apteryx mantelli</i>),,,3 candidates; top one shown
PRJEB6999,unreviewed,Development of broodstock management and husbandry tools for improved hatchery performance of ballan wrasse (Labrus bergylta).,"Institute of Aquaculture, University of Stirling, Stirling, UK",,,,,no Europe PMC full-text match
PRJEB71922,unreviewed,Cross_species_Colonies_WGS_LCMB,Wellcome Sanger Institute,,,,,no Europe PMC full-text match
PRJEB80530,unreviewed,Persistent genomic erosion in whooping cranes despite demographic recovery,INSTITUT DE BIOLOGIA EVOLUTIVA,10.1111/mec.70088,Fontsere C et al. (2025) Persistent Genomic Erosion in Whooping Cranes Despite Demographic Recovery,,,2 candidates; top one shown
PRJEB86104,unreviewed,"Panthera onca (Jaguar), genomic data.",Centro Nacional de Análisis Genómico,,,,,no Europe PMC full-text match
PRJEB86514,unreviewed,GENOMIC DIVERSITY AND SELECTION SIGNATURE OF INDIAN NATIVE GOAT BREEDS,Indian Biological Data Centre,,,,,no Europe PMC full-text match
PRJEB86998,unreviewed,Water vole SNP discovery,University of Liverpool,,,,,no Europe PMC full-text match
PRJEB88594,unreviewed,Whole genome sequence of Platichthys flesus,University of Helsinki,,,,,no Europe PMC full-text match
PRJEB94947,unreviewed,European water vole Arvicola amphibius conservation genetics,"Centre for Genomic Research, Institute of Integrative Biology, University of Liverpool, UK",,,,,no Europe PMC full-text match
PRJNA1008089,unreviewed,"Grus americana (whooping crane) genome, bGruAme1, sequence data.",G10K,,,,,no Europe PMC full-text match
PRJNA1008106,unreviewed,"Hirundo rustica (Barn swallow) genome, bHirRus1, sequence data.",G10K,,,,,no Europe PMC full-text match
PRJNA1008120,unreviewed,"Esox lucius (northern pike) genome, fEsoLuc1, sequence data.",G10K,,,,,no Europe PMC full-text match
PRJNA1008127,unreviewed,"Catharus ustulatus (Swainson's thrush) genome, bCatUst1, sequence data.",G10K,,,,,no Europe PMC full-text match
PRJNA1008551,unreviewed,"Scatophagus argus (Spotted scat) genome, fScaArg1, sequence data.",G10K,,,,,no Europe PMC full-text match
PRJNA1008595,unreviewed,"Taeniopygia guttata (zebra finch) genome sequencing, bTaeGut2, sequence data",G10K,,,,,no Europe PMC full-text match
PRJNA1008625,unreviewed,"Phocoena sinus (Vaquita) genome, mPhoSin1, sequence data",G10K,,,,,no Europe PMC full-text match
PRJNA1008634,unreviewed,"Lemur catta (Ring-tailed lemur) genome, mLemCat1, sequence data",G10K,,,,,no Europe PMC full-text match
PRJNA1008644,unreviewed,"Mustela erminea (Stoat) genome, mMusErm1, sequence data",G10K,,,,,no Europe PMC full-text match
PRJNA1008646,unreviewed,"Balaenoptera musculus (blue whale) genome, mBalMus1, sequence data",G10K,,,,,no Europe PMC full-text match
PRJNA1008668,unreviewed,"Pogoniulus pusillus (red-fronted tinkerbird) genome, bPogPus1, sequence data",G10K,,,,,no Europe PMC full-text match
PRJNA1012887,unreviewed,Micropterus salmoides breed:JDF Genome sequencing and assembly,BGI,,,,,no Europe PMC full-text match
PRJNA1018098,unreviewed,Highly amplified KRTAP hair genes have been repurposed as 'baleen genes' in filter-feeding mysticete whales,University of California Riverside,,,,,no Europe PMC full-text match
PRJNA1023385,unreviewed,Short- and Long-read data from Sprattus sprattus populations,Uppsala University,10.1093/gbe/evae133,Pettersson ME et al. (2024) Limited Parallelism in Genetic Adaptation to Brackish Water Bodies in European Sprat and Atlantic Herring,,,2 candidates; top one shown
PRJNA1024534,unreviewed,Swainson's thrush hybrid zone sequencing,Texas A&M University,10.1038/s41467-025-63188-6,Justen HC et al. (2025) The genetics of extrinsic postzygotic selection in a migratory divide between subspecies of the Swainson's thrush,,,3 candidates; top one shown
PRJNA1031634,unreviewed,Neofelis nebulosa Raw sequence reads,George Mason University,,,,,no Europe PMC full-text match
PRJNA1031993,unreviewed,Karyotypic stasis and swarming influenced the evolution of viral tolerance in a species-rich bat radiation.,Texas A&M University,,,,,no Europe PMC full-text match
PRJNA1043102,unreviewed,Conservation status of whitefish populations (Coregonus spp.) in Denmark,Aarhus University,10.1111/mec.17367,Tengstedt ANB et al. (2025) Genomic insights on conservation priorities for North Sea houting and European lake whitefish (Coregonus spp.),,,
PRJNA1049866,unreviewed,Macrotis lagotis Genome sequencing and Population Genomics,The University of Sydney,10.3389/fcell.2025.1562403,Marín-Gual L et al. (2025) Meiotic dynamics in a unique Australian marsupial provide new insights into the evolution of neo-sex chromosomes in the early stages of differentiation,,,2 candidates; top one shown
PRJNA1051171,unreviewed,Notamacropus eugenii Raw sequence reads,UNSW Sydney,10.1073/pnas.2412185121,Milton AM et al. (2024) Imprinted X chromosome inactivation in marsupials: The paternal X arrives at the egg with a silent DNA methylation profile,,,
PRJNA1051501,unreviewed,Myotis Phylogenomics,University of Helsinki,10.1186/s12864-024-10722-3,Twort VG et al. (2024) Signals of positive selection in genomes of palearctic Myotis-bats coexisting with a fungal pathogen,,,
PRJNA1054049,unreviewed,Whole genome resequencing of common myna (Acridotheres tristis),University of Auckland,10.1111/mec.70211,Atsawawaranunt K et al. (2026) Missing or Mis-Telling the Story? Trade-Offs for Restriction-Site Associated Compared to Whole Genome Sequencing,,,2 candidates; top one shown
PRJNA1061303,unreviewed,Transgenic UBC-GFP Zebra finch Genome,Boston University,,,,,no Europe PMC full-text match
PRJNA1062089,unreviewed,A goat graph-based pangenome reveals structural variations involved in domestication and adaptation,Northwest A&F University,10.1186/s12864-025-12055-1,Guo J et al. (2025) Whole-genome sequencing reveals complex structural variations at a major locus linked to pigmented spot sizes in Tianfu goats,,,2 candidates; top one shown
PRJNA1062151,unreviewed,Fine-scale Recombination Variation Stickleback Nuclear Families,Friedrich Miescher Laboratory of the Max Planck Society,10.1038/s41559-024-02434-4,Venu V et al. (2024) Fine-scale contemporary recombination variation and its fitness consequences in adaptively diverging stickleback fish,,,
PRJNA1063878,unreviewed,"Whole-genome sequencing revealed genetic diversity, population structure ad admixture of Ethiopian indigenous goats",Assosa University,10.3389/fgene.2024.1353026,Sheriff O et al. (2024) Whole-genome resequencing reveals genomic variation and dynamics in Ethiopian indigenous goats,,,
PRJNA1077730,unreviewed,Whole-genome Resequencing of Goats,Northwest A&F University,10.1186/s12864-025-11576-z,Zhao J et al. (2025) Design and verification of a 25 K multiple-SNP liquid-capture chip by target sequencing for dairy goat,,,2 candidates; top one shown
PRJNA1077913,unreviewed,The genetic basis of evolutionary divergence in oceanic island birds,National Museum of Natural Sciences,10.1186/s12862-024-02320-4,Recuerda M et al. (2024) Repeated evolution on oceanic islands: comparative genomics reveals species-specific processes in birds,,,
PRJNA1083753,unreviewed,Trio sequencing of captive zebra finches,Albert Ludwig University Freiburg,,,,,no Europe PMC full-text match
PRJNA1086802,unreviewed,Largemouth Black Bass Raw sequence reads,Hangzhou Academy of Agricultural Sciences,,,,,no Europe PMC full-text match
PRJNA1089087,unreviewed,The genetics of acromelanism in domestic canaries,BIOPOLIS/CIBIO-InBIO,,,,,no Europe PMC full-text match
PRJNA1089471,unreviewed,Population genomics of the critically endangered Aeolian wall lizard (Podarcis raffonei),University of Ferrara,10.1038/s41437-026-00835-8,Gabrielli M et al. (2026) The relationship between genomic variation and genetic load: insights from small island populations,,,
PRJNA1092733,unreviewed,Mutation rate of the Pantherinae,Stanford University,10.1093/gbe/evaf060,Armstrong EE et al. (2025) Parameterizing Pantherinae: De Novo Mutation Rate Estimates from Panthera and Neofelis Pedigrees,,,
PRJNA1101522,unreviewed,Fitness consequences of structural variation inferred from a House Finch pangenome,Harvard University,10.1073/pnas.2409943121,Fang B et al. (2024) Fitness consequences of structural variation inferred from a House Finch pangenome,,,
PRJNA1105330,unreviewed,Immunome and genome-wide diversity of the jaguar.,university of veterinary medicine vienna,10.1186/s13059-025-03868-0,Meißner R et al. (2025) Unraveling genome- and immunome-wide genetic diversity in modern and historical Jaguars,,,2 candidates; top one shown
PRJNA1130443,unreviewed,Comparative phylogeography of North American migratory birds,University of Michigan,10.1111/eva.70163,Kimmitt AA et al. (2025) Comparative Whole Genome Phylogeography Reveals Genetic Distinctiveness of Appalachian Populations of Boreal Songbirds,,,2 candidates; top one shown
PRJNA1140157,unreviewed,"Chlamydotis macqueenii (MacQueen's bustard) genome, bChlMac2, sequence data",Vertebrate Genomes Project,,,,,no Europe PMC full-text match
PRJNA1140158,unreviewed,"Chlamydotis macqueenii (MacQueen's bustard) genome, bChlMac3, sequence data",Vertebrate Genomes Project,,,,,no Europe PMC full-text match
PRJNA1141615,unreviewed,Whole Genome Resequencing Reveals signatures of Adaptive Evolution in Acanthopagrus latus and Rhabdosargus sarba,"Third Institute of Oceanography, Ministry of Natural Resources",10.3390/ani15050745,Li Y et al. (2025) Genomic Insights into the Population Genetics and Adaptive Evolution of Yellow Seabream (&lt;i&gt;Acanthopagrus latus&lt;/i&gt;) with Whole-Genome Resequencing,,,2 candidates; top one shown
PRJNA1146985,unreviewed,Sequencing and genome assembly of multiple Mustela species,Institute of Molecular and Cellular Biology SB RAS,10.1093/gbe/evag014,"Totikov AA et al. (2026) Comparative Genomics and Phylogenomics of the Mustelinae Lineage (Mustelidae, Carnivora)",,,
PRJNA1147173,unreviewed,Sus scrofa scrofa breed:Huai pig Genome sequencing,China Agricultural University,,,,,no Europe PMC full-text match
PRJNA1149977,unreviewed,Comprehensive whole-genome resequencing reveals genetic diversity and adaptive evolution in Acanthopagrus latus,"Third Institute of Oceanography, Ministry of Natural Resources",10.3390/ani15050745,Li Y et al. (2025) Genomic Insights into the Population Genetics and Adaptive Evolution of Yellow Seabream (&lt;i&gt;Acanthopagrus latus&lt;/i&gt;) with Whole-Genome Resequencing,,,
PRJNA1152924,unreviewed,Conservation of fundamental mutation and recombination parameters between mammals and zebra finch,Columbia University,10.1371/journal.pgen.1011661,Prentout D et al. (2025) Germline mutation rates and fine-scale recombination parameters in zebra finch,,,
PRJNA1159114,unreviewed,Whole genome resequencing data from sheep,Northwest A&F University,,,,,no Europe PMC full-text match
PRJNA1162521,unreviewed,Ancient demographic reconstruction and spat temporal population genomics of European nightjar,University of Sheffield,10.1002/ece3.70460,Day G et al. (2024) Revealing the Demographic History of the European Nightjar (<i>Caprimulgus europaeus</i>),,,2 candidates; top one shown
PRJNA1164432,unreviewed,Fur Trade Project,University of Oklahoma,,,,,no Europe PMC full-text match
PRJNA1165315,unreviewed,"Population genetics and invasion history of the European Starling across Aotearoa, New Zealand: whole genome resequencing of New Zealand starlings",University of Auckland,,,,,no Europe PMC full-text match
PRJNA1166076,unreviewed,Comparison of whole genome sequencing performance from fish skin swabs and fin clips,Leibniz Institute for the analysis of biodiversity change,10.1186/s13104-024-07075-1,Macphee A et al. (2025) Comparison of whole genome sequencing performance from fish swabs and fin clips,,,
PRJNA1177205,unreviewed,Ovis aries Raw sequence reads,Xinjiang Agricultural University,10.1038/s41597-025-05448-0,Fang C et al. (2025) Whole genome sequences of 297 Duolang sheep for litter size,,,2 candidates; top one shown
PRJNA1186817,unreviewed,whole genome sequencing,Gansu agricultural university,,,,,no Europe PMC full-text match
PRJNA1197174,unreviewed,Labrus bergylta Raw sequence reads,Havforskingsinstituttet,10.1111/mec.17732,Jansson E et al. (2025) Genomic Landscape of Divergence in Ballan Wrasse (Labrus bergylta),,,
PRJNA1218516,unreviewed,ALLOCHRONY IN ATLANTIC LUMPFISH: GENOMIC AND OTOLITH SHAPE DIVERGENCE BETWEEN SPRING AND AUTUMN SPAWNERS,UiT The Arctic University of Norway,10.1002/ece3.70946,Horaud M et al. (2025) Allochrony in Atlantic Lumpfish: Genomic and Otolith Shape Divergence Between Spring and Autumn Spawners,,,
PRJNA1218656,unreviewed,"Population genomic study of the threespine stickleback hybrid zone in the Misty Lake watershed (Vancouver Island, Canada)",University of Basel,10.1101/2025.11.17.688987,Baebler O et al. (2025) Hybridization but minimal introgression: ecologically-based divergent selection maintains a steep hybrid zone in parapatric stickleback fish,,,2 candidates; top one shown
PRJNA1219299,unreviewed,"Grus americana (whooping crane) genome, bGruAme2, sequence data",Vertebrate Genomes Project,,,,,no Europe PMC full-text match
PRJNA1219300,unreviewed,"Grus americana (whooping crane) genome, bGruAme3, sequence data",Vertebrate Genomes Project,,,,,no Europe PMC full-text match
PRJNA1225496,unreviewed,Homozygous and Heterozygous Hypomelanistic leopard gecko blood DNA-Seq,University of Geneva,10.1093/genetics/iyaf236,Beaudier P et al. (2026) Candidate genes underlying hypomelanistic morphs in squamate reptiles,,,
PRJNA1235426,unreviewed,Notamacropus eugenii haplotype 1 genome sequencing,University of Connecticut,10.1038/s41467-026-74695-5,Marín-Gual L et al. (2026) Divergent 3D genome architecture of male germ cells across vertebrates,,,
PRJNA1241418,unreviewed,Population sequencing of multiple species of the genus Rhamphochromis Raw sequence reads,"Institute of Hydrobiology, Chinese Academy of Sciences",10.1101/gr.281193.125,Yang L et al. (2026) Dynamic body size evolution during speciation of predatory cichlid fishes in the Lake Malawi superradiation,,,
PRJNA1241433,unreviewed,"Taeniopygia guttata (zebra finch) genome, bTaeGut7, sequence data",Vertebrate Genomes Project,10.1016/j.xgen.2026.101323,Antipov D et al. (2026) Automatic generation of model sequences for complex regions in assembly graphs with TTT,,,
PRJNA1241434,unreviewed,"Taeniopygia guttata (zebra finch) genome, bTaeGut8, sequence data",Vertebrate Genomes Project,,,,,no Europe PMC full-text match
PRJNA1241435,unreviewed,"Taeniopygia guttata (zebra finch) genome, bTaeGut9, sequence data",Vertebrate Genomes Project,,,,,no Europe PMC full-text match
PRJNA1241442,unreviewed,Introgression across narrow contact zones shapes the genomic landscape of phylogenetic variation in an African bird clade,University of Cyprus,10.1093/sysbio/syaf033,Rancilhac L et al. (2025) Introgression across Narrow Contact Zones Shapes the Genomic Landscape of Phylogenetic Variation in an African Bird Clade,,,
PRJNA1250171,unreviewed,Tianhua mutton sheep genome,Lanzhou University,,,,,no Europe PMC full-text match
PRJNA1264480,unreviewed,Islands promote diversification of the silvereye species complex: a phylogenomic analysis of a great speciator,University of Oxford,10.1111/mec.17830,Estandía A et al. (2025) Islands Promote Diversification of the Silvereye Species Complex: A Phylogenomic Analysis of a Great Speciator,,,
PRJNA1264660,unreviewed,whole genome resequencing of downy and hairy woodpeckers for comparative analysis,Brood Parasitic Bird Genomes Consortium,,,,,no Europe PMC full-text match
PRJNA1288365,unreviewed,Different sex determination systems in two closely related Eurasian minnow (Phoxinus) species,"Leibniz Institute for the Analysis of Biodiversity Change, Museum Koenig Bonn",10.1038/s41437-026-00827-8,Oriowo TO et al. (2026) Different sex determination systems in two closely related Eurasian minnow (Phoxinus) species,,,
PRJNA1313134,unreviewed,Genome-wide assessment of African wild dog populations,University of Johannesburg,10.1111/mec.70424,Tensen L et al. (2026) Reduced Genetic Load and Inbreeding in Reintroduced African Wild Dogs Reflect the Benefits of Admixture,,,
PRJNA1320661,unreviewed,"Geothlypis trichas (Common yellowthroat) genome, bGeoTri1, sequence data",Vertebrate Genomes Project,,,,,no Europe PMC full-text match
PRJNA1327819,unreviewed,Population Genetic Structure of Three-Spined Sticklebacks in the St. Lawrence: A Gradient of Change,Universite Laval,10.1093/g3journal/jkag086,Delaive S et al. (2026) The genomic architecture of local adaptation in two connected populations of three-spined stickleback,,,
PRJNA1329683,unreviewed,Threespine stickleback from lakes with/without sculpin project,University of British Columbia,10.1073/pnas.2506625122,Roesti M et al. (2025) A species interaction kick-starts ecological speciation in allopatry,,,
PRJNA1333566,unreviewed,Population Genomic Sequencing of Dasypus novemcinctus,Texas A&M University,,,,,no Europe PMC full-text match
PRJNA1338100,unreviewed,Chlamydotis macqueenii Genome sequencing,OIKOS Genomics,10.1038/s41598-025-33691-3,Hoareau TB et al. (2026) Genome wide data recover hierarchical genetic structure and help define conservation units for the threatened Asian Houbara,,,
PRJNA1357362,unreviewed,Whole genome sequencing of a chimpanzee pedigree,Columbia University,,,,,no Europe PMC full-text match
PRJNA1380438,unreviewed,Structural variation landscape of the Yellowfin seabream pangenome,Sun Yat-sen University,10.1016/j.isci.2026.115539,Hu Y et al. (2026) The pangenome of &lt;i&gt;Acanthopagrus&lt;/i&gt; provides genomic variation evidence for genetic diversity,,,
PRJNA1424374,unreviewed,WGS of Common Yellowthroat (Geothlypis trichas),Colorado State University,,,,,no Europe PMC full-text match
PRJNA1435549,unreviewed,"Serinus canaria (canary) genome, bSerCaa2, sequence data",Vertebrate Genomes Project,,,,,no Europe PMC full-text match
PRJNA1435550,unreviewed,"Serinus canaria (canary) genome, bSerCaa3, sequence data",Vertebrate Genomes Project,,,,,no Europe PMC full-text match
PRJNA1462765,unreviewed,"Dryobates pubescens (downy woodpecker) genome, bDryPub1, sequence data",Vertebrate Genomes Project,,,,,no Europe PMC full-text match
PRJNA1462766,unreviewed,"Cyclopterus lumpus (lumpfish) genome, fCycLum1, sequence data",Vertebrate Genomes Project,,,,,no Europe PMC full-text match
PRJNA160933,unreviewed,Ovis aries diversity study,International Sheep Genomics Consortium,10.1186/s12864-026-12966-7,Sun X et al. (2026) Whole-genome resequencing revealed genetic diversity and the haplotype containing MC1R associated with black coat color in Liangshan sheep,,,15 candidates; top one shown
PRJNA204958,unreviewed,Gasterosteus aculeatus Genome sequencing,Laboratory of Evolutionary Genomics,10.1093/molbev/msad068,Ord J et al. (2023) High Nucleotide Diversity Accompanies Differential DNA Methylation in Naturally Diverging Populations,,,
PRJNA212874,unreviewed,Dryobates pubescens Genome sequencing and assembly,BGI,10.1186/s13059-014-0539-3,Cui J et al. (2014) Low frequency of paleoviral infiltration across the  avian phylogeny,,,4 candidates; top one shown
PRJNA212891,unreviewed,Chlamydotis macqueenii Genome sequencing and assembly,BGI,10.1186/s13059-014-0539-3,Cui J et al. (2014) Low frequency of paleoviral infiltration across the  avian phylogeny,,,4 candidates; top one shown
PRJNA212896,unreviewed,Haliaeetus albicilla Genome sequencing and assembly,BGI,10.1186/s13059-014-0539-3,Cui J et al. (2014) Low frequency of paleoviral infiltration across the  avian phylogeny,,,4 candidates; top one shown
PRJNA214891,unreviewed,Sturnus vulgaris Random survey,Deakin University,,,,,no Europe PMC full-text match
PRJNA221548,unreviewed,Esox lucius Genome sequencing and assembly,University of Victoria,10.1038/s41598-026-44703-1,Ali A et al. (2026) Splicing retention and enhancer divergence govern the evolutionary fate of ohnologues following whole-genome duplication in rainbow trout,,,2 candidates; top one shown
PRJNA238851,unreviewed,Sus scrofa scrofa strain:Tongcheng pigs Genome sequencing,Huazhong Agricultural University,10.3389/fgene.2022.1070783,Peng Y et al. (2022) Distinct traces of mixed ancestry in western commercial pig genomes following gene flow from Chinese indigenous breeds,,,5 candidates; top one shown
PRJNA255814,unreviewed,Passer domesticus isolate:8887266 Genome sequencing and assembly,Sparrow Genome Consortium,10.1093/gbe/evae049,David G et al. (2024) Calling Structural Variants with Confidence from Short-Read Data in Wild Bird Populations,,,3 candidates; top one shown
PRJNA274879,unreviewed,Cetacea Genome sequencing,Seoul National Univerisity,,,,,no Europe PMC full-text match
PRJNA275819,unreviewed,Whole genome sequencing of Swainson's thrushes,University of British Columbia,,,,,no Europe PMC full-text match
PRJNA277231,unreviewed,Ovis canadensis Genome sequencing,CSIRO,,,,,no Europe PMC full-text match
PRJNA293892,unreviewed,Sturnus vulgaris Genome sequencing and assembly,Starling Genome Consortium,,,,,no Europe PMC full-text match
PRJNA300534,unreviewed,Red coloration in Birds,"CIBIO/InBIO, Centro de Investigacao em Biodiversidade e Recursos Geneticos",10.1093/ve/veab003,Iwamoto M et al. (2021) Identification of novel avian and mammalian deltaviruses provides new insights into deltavirus evolution,,,2 candidates; top one shown
PRJNA304409,unreviewed,Tectonic collision and uplift of Wallacea triggered the global songbird radiation,Louisiana State University,10.3390/ijms27167433,Lombardo G et al. (2026) Mitogenomes Reveal Novel Phylogeographic Patterns and Temporal Evolutionary History of Barn Swallows and Close Relatives,,,2 candidates; top one shown
PRJNA304992,unreviewed,Lycaon pictus Genome sequencing and assembly,Smithsonian Institution,10.1186/s12864-016-3368-9,"Campana MG et al. (2016) Genome sequence, population history, and pelage genetics of the endangered African wild dog (Lycaon pictus)",,,
PRJNA310684,unreviewed,Genetic analysis of inherited coat color and morphological traits in Swiss goat breeds,University of Bern,10.1016/j.vas.2026.100626,Petzl E et al. (2026) Identification of a recessive &lt;i&gt;PCDH15&lt;/i&gt; nonsense variant in purebred goats with vestibular dysfunction,,,6 candidates; top one shown
PRJNA320912,unreviewed,Lateolabrax maculatus Raw sequence reads,Shanghai Ocean University,,,,,no Europe PMC full-text match
PRJNA321499,unreviewed,Catharus ustulatus Raw sequence reads,University of British Columbia,,,,,no Europe PMC full-text match
PRJNA323498,unreviewed,Hirundo rustica Genome sequencing and assembly,The University of Colorado,10.3390/ijms27167433,Lombardo G et al. (2026) Mitogenomes Reveal Novel Phylogeographic Patterns and Temporal Evolutionary History of Barn Swallows and Close Relatives,,,4 candidates; top one shown
PRJNA325682,unreviewed,SheepCRC whole genome sequencing,"Department of Economic Development, Jobs, Transport and Resources",10.1186/s12864-024-11130-3,"Shan M et al. (2025) Significance of KLK7 expression, polymorphisms, and function in sheep horn growth",,,11 candidates; top one shown
PRJNA335553,unreviewed,Pooled sequencing of minke populations for genetic marker development,Institute of Marine Research,10.1186/s12864-016-3416-5,Malde K et al. (2017) Whole genome resequencing reveals diagnostic markers for investigating global migration and hybridization between minke whale species,,,
PRJNA339626,unreviewed,Eublepharis macularius Genome sequencing and assembly,BGI,10.1186/s13742-016-0151-4,"Xiong Z et al. (2016) Draft genome of the leopard gecko, Eublepharis macularius",,,
PRJNA348348,unreviewed,Jaguar Genome Project,PUCRS,10.1186/s13059-025-03868-0,Meißner R et al. (2025) Unraveling genome- and immunome-wide genetic diversity in modern and historical Jaguars,,,4 candidates; top one shown
PRJNA353147,unreviewed,Shinisaurus crocodilurus Raw sequence reads,BGI,10.1111/mec.16121,"Iannucci A et al. (2021) Population structure, genomic diversity and demographic history of Komodo dragons inferred from whole-genome sequencing",,,2 candidates; top one shown
PRJNA354496,unreviewed,Corkwing wrasse genetics in Northern Europe,University of Agder,,,,,no Europe PMC full-text match
PRJNA376394,unreviewed,quaddRAD protocol,University of Konstanz,,,,,no Europe PMC full-text match
PRJNA385882,unreviewed,Ovis aries musimon Raw sequence reads,Inner Mongolia Agricultural University,,,,,no Europe PMC full-text match
PRJNA389516,unreviewed,Baleen whale resequencing,Senckenberg Gesellschaft fuer Naturforschung,10.1126/sciadv.aap9873,Árnason Ú et al. (2018) Whole-genome sequencing of the blue whale and other rorquals finds signatures for introgressive gene flow,,,
PRJNA399410,unreviewed,Ovis canadensis isolate:BS48 Genome sequencing and assembly,Broad Institute,10.1093/gbe/evae090,"Atağ G et al. (2024) Population Genomic History of the Endangered Anatolian and Cyprian Mouflons in Relation to Worldwide Wild, Feral, and Domestic Sheep Lineages",,,
PRJNA399411,unreviewed,Panthera onca isolate:BS21 Genome sequencing and assembly,Broad Institute,,,,,no Europe PMC full-text match
PRJNA399444,unreviewed,Myotis myotis isolate:US100 Genome sequencing and assembly,Broad Institute,,,,,no Europe PMC full-text match
PRJNA407434,unreviewed,Whole genome sequencing of the Chinese seabass (Lateolabrax maculatus),"College of Ocean and Earth Sciences, Xiamen University",10.3389/fgene.2019.01126,Tian Y et al. (2019) Characterization of Full-Length Transcriptome Sequences and Splice Variants of <i>Lateolabrax maculatus</i> by Single-Molecule Long-Read Sequencing and Their Involvement in Salinity Regulation,,,2 candidates; top one shown
PRJNA416843,unreviewed,Betta splendens isolate:Giant Genome sequencing and assembly,BGI,10.1371/journal.pone.0298564,Lin G et al. (2024) Puzzle Hi-C: An accurate scaffolding software,,,2 candidates; top one shown
PRJNA418771,unreviewed,Sus scrofa scrofa breed:NS Genome sequencing,University of Messina,10.1038/s41598-026-48764-0,Torres HF et al. (2026) Phylogenomic insights into the evolutionary history of the Amazonian Creole pig using nuclear genome data and maximum-likelihood analyses,,,2 candidates; top one shown
PRJNA431699,unreviewed,Birds of prey genome,GEROMICS,10.1186/s13059-019-1793-1,Cho YS et al. (2019) Raptor genomes reveal evolutionary signatures of predatory and nocturnal lifestyles,,,
PRJNA436966,unreviewed,Gasterosteus aculeatus Raw sequence reads,University of Georgia,,,,,no Europe PMC full-text match
PRJNA448954,unreviewed,Whole-genome analysis of Mustela erminea finds that pulsed hybridization impacts evolution at high-latitudes,Nanyang Technological University,,,,,no Europe PMC full-text match
PRJNA464344,unreviewed,Piciformes transposable elements,Texas Tech University,10.1093/gbe/evy105,Manthey JD et al. (2018) Multiple and Independent Phases of Transposable Element Amplification in the Genomes of Piciformes (Woodpeckers and Allies),,,
PRJNA488046,unreviewed,Lycaon pictus Genome sequencing and assembly,Stanford University,10.1093/gigascience/giy124,Armstrong EE et al. (2019) Cost-effective assembly of the African wild dog (Lycaon pictus) genome using linked reads,,,2 candidates; top one shown
PRJNA488093,unreviewed,African wild dog (Lycaon pictus) whole genome raw sequence reads.,University of California at Los Angeles,,,,,no Europe PMC full-text match
PRJNA504493,unreviewed,"Yunling black goat, Nubian goat Raw sequence reads",Northwest A&F university,10.3389/fgene.2019.00145,Cao Y et al. (2019) Genetic Basis of Phenotypic Differences Between Chinese Yunling Black Goats and Nubian Goats Revealed by Allele-Specific Expression in Their F1 Hybrids,,,
PRJNA504596,unreviewed,Thunnus albacares draft genome assembly and linkage map,University of Southern Mississippi Gulf Coast Research Lab,,,,,no Europe PMC full-text match
PRJNA506801,unreviewed,High-throughput chromosome conformation capture of liver in Chinese Spotted Seabass (Lateolabrax maculatus),Ocean University of China,,,,,no Europe PMC full-text match
PRJNA509694,unreviewed,Ovis aries Genome sequencing,AgResearch,10.1186/s12864-024-11130-3,"Shan M et al. (2025) Significance of KLK7 expression, polymorphisms, and function in sheep horn growth",,,6 candidates; top one shown
PRJNA512507,unreviewed,Whole Genome Resequencing in North American northern pike,University of Victoria,10.1093/g3journal/jkae183,Johnson HA et al. (2024) Loss of genetic variation and ancestral sex determination system in North American northern pike characterized by whole-genome resequencing,,,
PRJNA512907,unreviewed,DNA Zoo,DNA Zoo,10.1093/molbev/msag009,Emerling CA et al. (2026) Pseudogenes document protracted parallel regression of oral anatomy in myrmecophagous mammals,,,26 candidates; top one shown
PRJNA514887,unreviewed,Esox lucius Genome sequencing and assembly,INRA,10.1371/journal.pgen.1008013,Pan Q et al. (2019) Identification of the master sex determining gene in Northern pike (Esox lucius) reveals restricted sex chromosome differentiation,,,
PRJNA514888,unreviewed,Identifying and characterizing the sex locus of Esox lucius,INRA,10.1371/journal.pgen.1008013,Pan Q et al. (2019) Identification of the master sex determining gene in Northern pike (Esox lucius) reveals restricted sex chromosome differentiation,,,
PRJNA522329,unreviewed,"There are five species in this project, including T.rubripes, T.flavidus, T.bimaculatus, T.niphobles, and T.obscurus.",CAFS,10.1186/s12915-025-02296-7,He RS et al. (2025) Construction of the graph genomes of Takifugu provides novel insights into the genomic mechanisms of population structure and migratory traits,,,2 candidates; top one shown
PRJNA523711,unreviewed,African sheep whole genome sequences (SheepGenomeDB),SheepGenomeDB (SGB),10.1111/mec.17796,Wiener P et al. (2025) Genomic Analysis of Hair Sheep From West/Central Africa Reveals Unique Genetic Diversity and Ancestral Links to Breed Formation in the Caribbean,,,2 candidates; top one shown
PRJNA525775,unreviewed,Gasterosteus aculeatus Genome sequencing and assembly,Institute of Ecology and Evolution,10.3390/genes10060426,"Berner D et al. (2019) <i>De Novo</i> Sequencing, Assembly, and Annotation of Four Threespine Stickleback Genomes Based on Microfluidic Partitioned DNA Libraries",,,
PRJNA531381,unreviewed,Sus scrofa domesticus breed:Ningxiang Genome sequencing and assembly,Hunan Agricultural university,10.1038/s42003-026-09557-3,Chen D et al. (2026) The Neijiang pig T2T genome reveals domestication history and germplasm traits of Southwest Chinese local breeds,,,6 candidates; top one shown
PRJNA542243,unreviewed,Draft genomes of female and male turbot (Scophthalmus maximus),Yellow Sea Fisheries Research Institute,,,,,no Europe PMC full-text match
PRJNA545868,unreviewed,"Bird 10,000 Genomes (B10K) Project - Family phase",B10K Consortium,10.1111/eva.70125,Ho WZ et al. (2025) Epigenetic Responses to Anthropogenic Versus Natural Sources of Oil Exposure Differ in Wild Arctic Seabird Populations,,,15 candidates; top one shown
PRJNA552984,unreviewed,Zebra finch testis and somatic tissue sequencing,University of Granada,10.1038/s41467-019-13427-4,Kinsella CM et al. (2019) Programmed DNA elimination of germline development genes in songbirds,,,
PRJNA555324,unreviewed,Neofelis nebulosa and Neofelis diardi Genome sequencing and assembly,Smithsonian Institution,10.1016/j.isci.2022.105647,Bursell MG et al. (2022) Whole genome analysis of clouded leopard species reveals an ancient divergence and distinct demographic histories,,,
PRJNA559291,unreviewed,Urucum canary pool-seq,CIBIO,,,,,no Europe PMC full-text match
PRJNA559409,unreviewed,Genome survey sequencing of Scatophagus argus,Guangdong Ocean University,10.3390/ani9121117,Huang Y et al. (2019) Genome Survey of Male and Female Spotted Scat (<i>Scatophagus argus</i>),,,
PRJNA559821,unreviewed,Whitefish_epigenetics,Universite Laval,10.1093/gbe/evae013,Venney CJ et al. (2024) Epigenetic and Genetic Differentiation Between Coregonus Species Pairs,,,
PRJNA561991,unreviewed,"Dryobates pubescens (Downy Woodpecker) genome, bDryPub1, primary haplotype",Vertebrate Genomes Project,,,,,no Europe PMC full-text match
PRJNA562003,unreviewed,"Cyclopterus lumpus (Lumpfish) genome, fCycLum1, primary haplotype",Vertebrate Genomes Project,10.3390/genes14101870,Maduna SN et al. (2023) Genomic Signatures of Local Adaptation under High Gene Flow in Lumpfish-Implications for Broodstock Provenance Sourcing and Larval Production,,,
PRJNA591356,unreviewed,A GENETIC MECHANISM FOR SEXUAL DICHROMATISM IN BIRDS,CIBIO,,,,,no Europe PMC full-text match
PRJNA591897,unreviewed,Transcriptional legacy in the armadillo,Cold Spring Harbor Laboratory,,,,,no Europe PMC full-text match
PRJNA602931,unreviewed,Genetic Basis of Auditory Pathology in the Belgian Waterslager Canary,University of Maryland College Park,,,,,no Europe PMC full-text match
PRJNA607895,unreviewed,Raw sequence reads from Danish species,University of Copenhagen,10.1186/s12864-026-12770-3,Verbinnen G et al. (2026) The diversity of insecticide target site mutations in Apis mellifera,,,2 candidates; top one shown
PRJNA608290,unreviewed,Mastacembelus armatus breed:fujian Genome sequencing and assembly,University of Vienna,10.1186/s13059-021-02430-y,Xue L et al. (2021) Telomere-to-telomere assembly of a fish Y chromosome reveals the origin of a young sex chromosome pair,,,
PRJNA611688,unreviewed,Capra hircus breed:Yunshang black Raw sequence reads,Chinese Academy of Agricultural Sciences,10.1186/s12864-026-12613-1,Zhang Y et al. (2026) Genome characteristics and identification of reproduction-related genes in Southwest meat goats,,,5 candidates; top one shown
PRJNA611920,unreviewed,The evolutionary history of extinct and living lions,Universitat Pompeu Fabra,10.1038/s42003-025-07986-0,Dussex N et al. (2025) Constraints to gene flow increase the risk of genome erosion in the Ngorongoro Crater lion population,,,2 candidates; top one shown
PRJNA625614,unreviewed,BSA analysis of Lateolabrax maculatus alkalinity resistance,Ocean University of China,,,,,no Europe PMC full-text match
PRJNA628559,unreviewed,Myotis myotis isolate:mMyoMyo1 Genome sequencing and assembly,Bat1K,10.1016/j.xgen.2023.100482,Foley NM et al. (2024) Karyotypic stasis and swarming influenced the evolution of viral tolerance in a species-rich bat radiation,,,
PRJNA629633,unreviewed,Betta splendens breed:HMPK Genome sequencing and assembly,Nanchang University,10.1126/sciadv.abm4955,Zhang W et al. (2022) The genetic architecture of phenotypic diversity in the Betta fish (<i>Betta splendens</i>),,,
PRJNA634624,unreviewed,Sex determination in the Esociformes,INRA,10.7554/elife.62858,Pan Q et al. (2021) The rise and fall of the ancient northern pike master sex-determining gene,,,
PRJNA637812,unreviewed,Scatophagus argus Genome sequencing,Guangdong Ocean University,10.1038/s42003-025-08056-1,Huang YQ et al. (2025) Allelic variation and duplication of the dmrt1 were associated with sex chromosome turnover in three representative Scatophagidae fish species,,,2 candidates; top one shown
PRJNA638440,unreviewed,Genome Resequencing of nine Takifugu species,Xiamen University,10.1186/s12915-025-02296-7,He RS et al. (2025) Construction of the graph genomes of Takifugu provides novel insights into the genomic mechanisms of population structure and migratory traits,,,2 candidates; top one shown
PRJNA647051,unreviewed,Ovis aries Genome sequencing,Gansu Agriculture University,,,,,no Europe PMC full-text match
PRJNA647536,unreviewed,Acanthopagrus latus isolate:XLZ-2019 Genome sequencing and assembly,Sun Yat-sen University,,,,,no Europe PMC full-text match
PRJNA648123,unreviewed,"Phase One Resequencing for 10,000 Dog Genome Consortium","10,000 Dog Genome Consortium",10.1038/s41598-025-33036-0,Rudolph TE et al. (2025) Identification of genetic variants associated with ear length in drop-eared dogs,,,8 candidates; top one shown
PRJNA649485,unreviewed,Chromosome differentiaion between Z and W potentially involved in sex determination in turbot,Aquafaang,10.1038/s41598-023-29826-z,Andersen Ø et al. (2023) Non-synonymous variation and protein structure of candidate genes associated with selection in farm and wild populations of turbot (Scophthalmus maximus),,,
PRJNA660737,unreviewed,Genome analysis of American mink fur colour variations,Vavilov Institute of General Genetics Russian Academy of Sciences,10.1038/s41598-022-14079-z,Manakhov AD et al. (2022) Identification of mutant gene for Black crystal coat and non-allelic gene interactions in Neogale vison,,,2 candidates; top one shown
PRJNA661201,unreviewed,Birds Island Genomic,Universite de Montpellier,10.1186/s12862-024-02320-4,Recuerda M et al. (2024) Repeated evolution on oceanic islands: comparative genomics reveals species-specific processes in birds,,,
PRJNA671542,unreviewed,Capra hircus Raw sequence reads,Southwest University,10.3390/ani12111356,Yuan Y et al. (2022) Genome-Wide Selective Analysis of Boer Goat to Investigate the Dynamic Heredity Evolution under Different Stages,,,
PRJNA671824,unreviewed,Contemporary Alaskan Threespine Stickleback whole genome Pool-Seq,Stony Brook University,10.1016/j.cub.2026.02.052,Yoxsimer AM et al. (2026) Rapid and repeated evolution of myosin copy number in threespine stickleback,,,2 candidates; top one shown
PRJNA672863,unreviewed,Comparaive study of two stickleback species,Ecological Genetics Research Unit,10.1098/rspb.2022.0352,Fraimout A et al. (2022) Age-dependent genetic architecture across ontogeny of body size in sticklebacks,,,2 candidates; top one shown
PRJNA674347,unreviewed,Fringilla coelebs coelebs isolate:17-825 Genome sequencing and assembly,Museo Nacional de Ciencias Naturales,10.1093/gbe/evab034,Recuerda M et al. (2021) Chromosome-Level Genome Assembly of the Common Chaffinch (Aves: Fringilla coelebs): A Valuable Resource for Evolutionary Biology,,,
PRJNA678815,unreviewed,Chromosome-level genome and population genomics reveal evolutionary characteristics and conservation status of Chinese indigenous geese,Jiangxi Science and Technology Normal University,10.1016/j.psj.2026.106858,Chen H et al. (2026) Genome-wide selection and association analyses implicate retinal and reproductive genes in laying-period variation of domestic geese,,,4 candidates; top one shown
PRJNA682377,unreviewed,Amphilophus citrinellus and Archocentrus centrarchus de novo genome sequencing,University of Konstanz,10.1111/mec.15774,Xiong P et al. (2021) The comparative genomic landscape of adaptive radiation in crater lake cichlid fishes,,,
PRJNA682530,unreviewed,Archocentrus centrarchus demographic analysis,University of Konstanz,10.1111/mec.15774,Xiong P et al. (2021) The comparative genomic landscape of adaptive radiation in crater lake cichlid fishes,,,
PRJNA686418,unreviewed,Peregrine migration project,Institute of Zoology,10.1002/ece3.10347,Johnson JA et al. (2023) Whole-genome survey reveals extensive variation in genetic diversity and inbreeding levels among peregrine falcon subspecies,,,
PRJNA687044,unreviewed,Genes enhancing disease resistance in Aleutian disease virus (ADV) infected American mink (Neovison vison),"Genetics, Department of Veterinary Clinical Sciences, Animal Genetics, Bioinformatics and Breeding,, University of copenhagen",,,,,no Europe PMC full-text match
PRJNA688781,unreviewed,Acanthopagrus latus  mitochondrion sequencing,Guangxi Academy of Fisheries Sciences,10.1007/s13205-022-03313-0,Liu K et al. (2022) Pipeline for developing polymorphic microsatellites in species without reference genomes,,,2 candidates; top one shown
PRJNA688809,unreviewed,Scatophagus argus mitochondrion seqrencing,Guangxi Academy of Fisheries Sciences,10.1080/23802359.2021.1959445,"Pan C et al. (2021) The complete mitochondrial genome of <i>Scatophagus argus</i> (Perciformes, Scatophagidae) from Beibu Bay and phylogenetic analysis",,,
PRJNA688938,unreviewed,G10K_VGP_Genome_Sequencing,Vertebrate Genome Project(VGP),,,,,no Europe PMC full-text match
PRJNA689926,unreviewed,Betta splendens whole genome re-sequencing,Nanchang University,10.1126/sciadv.abm4955,Zhang W et al. (2022) The genetic architecture of phenotypic diversity in the Betta fish (<i>Betta splendens</i>),,,
PRJNA698222,unreviewed,Zebra Finch (Taeniopygia guttata) sequencing,American University,10.1093/gbe/evab088,"Asalone KC et al. (2021) A Transcriptomic Pipeline Adapted for Genomic Sequence Discovery of Germline-Restricted Sequence in Zebra Finch, Taeniopygia guttata",,,
PRJNA699447,unreviewed,Genomic raw sequence reads of Huai Goat and Yudong goat,Northwest A&F University,10.1186/s12864-023-09204-9,Yao Z et al. (2023) Genetic diversity and signatures of selection in BoHuai goat revealed by whole-genome sequencing,,,
PRJNA701455,unreviewed,Whole genome re-sequencing of spotted sea bass,Xiamen University,10.1111/1755-0998.70180,Zhang C et al. (2026) The Pan-Genome of 1107 Spotted Sea Bass Accessions Reveals Gene Evolution Patterns During Domestication Selection,,,2 candidates; top one shown
PRJNA706841,unreviewed,Sturnus vulgaris isolate:sv1000_unsw Genome sequencing and assembly,The University of New South Wales,10.1111/1755-0998.13679,Stuart KC et al. (2022) Transcript- and annotation-guided genome assembly of the European starling,,,
PRJNA715201,unreviewed,Wall lizards (genus Podarcis) Genome Sequencing,Lund University,10.1093/molbev/msab311,Yang W et al. (2022) Population Genomics of Wall Lizards Reflects the Dynamic History of the Mediterranean Basin,,,2 candidates; top one shown
PRJNA722049,unreviewed,Selective signature associated with coat colour in swan and greylag geese,Shanghai Academy of Agricultural Sciences,10.1371/journal.pcbi.1014603,Lee H et al. (2026) A portable recalibration workflow for reference-based variant calling in non-human genomes,,,2 candidates; top one shown
PRJNA726336,unreviewed,"Chinese crocodile lizard Genome sequencing, assembly and population resequencing","Institute of Zoology, Chinese Academy of Sciences",10.1093/molbev/msab359,Xie HX et al. (2022) Ancient Demographics Determine the Effectiveness of Genetic Purging in Endangered Lizards,,,
PRJNA72723,unreviewed,Cetacea Genome sequencing and assembly,Korea Ocean Research & Development Institute,10.1016/j.cell.2023.05.002,Tyshkovskiy A et al. (2023) Distinct longevity mechanisms across and within species and their association with aging,,,3 candidates; top one shown
PRJNA730084,unreviewed,Genome sequencing to identify Lemon Frost mutation in Leopard Geckos,"University of California, Los Angeles",10.1186/s12915-026-02661-0,Hastings BT et al. (2026) Dissecting cancer in a non-mammalian model: genomic insights from lemon frost geckos,,,2 candidates; top one shown
PRJNA734331,unreviewed,Common yellowthroat Raw sequence reads,University of Wisconsin-Milwaukee,10.1073/pnas.2120482119,Sly ND et al. (2022) Molecular parallelism in signaling function across different sexually selected ornaments in a warbler,,,
PRJNA740148,unreviewed,genome resequencing of Rhinolophus affinis,East China Normal University,10.1186/s12983-021-00424-x,Ding Y et al. (2021) Mitonuclear mismatch alters nuclear gene expression in naturally introgressed Rhinolophus bats,,,
PRJNA741250,unreviewed,"Zebra finch ejaculates (Taeniopygia guttata castanotis), testis and somatic tissue (T. g. castanotis and one castanotis x guttata hybrid) sequencing",Max Planck Institute for Ornithology,10.1073/pnas.2103960119,Pei Y et al. (2022) Occasional paternal inheritance of the germline-restricted chromosome in songbirds,,,
PRJNA741394,unreviewed,Neogale vison isolate:M4711 Genome sequencing and assembly,Dalhousie University,10.1038/s42003-022-04341-5,Karimi K et al. (2022) A chromosome-level genome assembly reveals genomic characteristics of the American mink (Neogale vison),,,
PRJNA745563,unreviewed,Whole-genome sequencing of kiwi (Apteryx),University of Toronto Scarborough,10.1098/rspb.2021.2362,Bemmels JB et al. (2021) Demographic decline and lineage-specific adaptations characterize New Zealand kiwi,,,
PRJNA748185,unreviewed,largemouth bass genome sequencing,Jimei University,10.3389/fmolb.2024.1443522,Han W et al. (2024) Genome-wide association study for growth traits with 1066 individuals in largemouth bass (<i>Micropterus salmoides</i>),,,
PRJNA751981,unreviewed,Phocoena sinus whole genome raw sequence reads,University of California San Francisco,10.1126/science.abm1742,Robinson JA et al. (2022) The critically endangered vaquita is not doomed to extinction by inbreeding depression,,,
PRJNA754250,unreviewed,1k pigs project,Chinese Academy of Agricultural Sciences,10.1016/j.isci.2025.111983,He S et al. (2025) Systematic benchmarking of tools for structural variation detection using short- and long-read sequencing data in pigs,,,5 candidates; top one shown
PRJNA761298,unreviewed,Comparative population genomics of cryptic speciation and adaptive divergence in Bicknell's and Gray-cheeked Thrushes (Aves: Catharus bicknelli and C. minimus) Journal: Genome Biology and Evolution,Harvard University,10.1093/gbe/evab255,Termignoni-Garcia F et al. (2022) Comparative Population Genomics of Cryptic Speciation and Adaptive Divergence in Bicknell's and Gray-Cheeked Thrushes (Aves: Catharus bicknelli and Catharus minimus),,,
PRJNA764308,unreviewed,"Ovis aries, Ovis ammon, Ovis canadensis, Ovis vignei, Ovis musimon, Ovis nivicola, Ovis dalli, Ovis orientalis Clean sequence reads",China Agricultural University,10.1093/gbe/evae090,"Atağ G et al. (2024) Population Genomic History of the Endangered Anatolian and Cyprian Mouflons in Relation to Worldwide Wild, Feral, and Domestic Sheep Lineages",,,2 candidates; top one shown
PRJNA767757,unreviewed,Whole Genome Sequencing of goose,China Agricultural University,10.1186/s40104-022-00826-9,"Wen J et al. (2023) Origins, timing and introgression of domestic geese revealed by whole genome data",,,
PRJNA773662,unreviewed,Physiological implications of pheomelanin synthesis in Zebra finches,BIOPOLIS/CIBIO-InBIO Research Center in Biodiversity and Genetic Resources,10.1016/j.isci.2025.112937,Marques CI et al. (2025) Physiological plasticity in zebra finch color varieties mitigates DNA damage under oxidative stress,,,
PRJNA778896,unreviewed,Betta splendens whole genome sequencing,Columbia University,10.1126/sciadv.abm4950,Kwon YM et al. (2022) Genomic consequences of domestication of the Siamese fighting fish,,,
PRJNA781657,unreviewed,Cyclopterus lumpus isolate:Atl_lumpfish Genome sequencing and assembly,Memorial University of Newfoundland,,,,,no Europe PMC full-text match
PRJNA784366,unreviewed,High-quality reference genome assemblies of Suffolk sheep,Northwest A&F University,,,,,no Europe PMC full-text match
PRJNA785747,unreviewed,Largemouth bass pool sequencing,Hunan Normal University,,,,,no Europe PMC full-text match
PRJNA792617,unreviewed,Identification of stress-related genes by co-expression network analysis based on the improved turbot genome,Yellow Sea fisheries Research Institution,,,,,no Europe PMC full-text match
PRJNA794321,unreviewed,NYUAD Falco 10X Falco Reference Sequencing,New York University Abu Dhabi,,,,,no Europe PMC full-text match
PRJNA801057,unreviewed,Whole genome sequencing data from Iraq and Pakistan goats,"Northwest A&F University, Yangling, Shaanxi 712100, China",,,,,no Europe PMC full-text match
PRJNA802268,unreviewed,High-Depth Resequencing of 150 Yunnan sheep,Yunnan Agricultural University,10.3390/ani14030444,Sun X et al. (2024) Whole-Genome Resequencing Reveals Genetic Diversity and Wool Trait-Related Genes in Liangshan Semi-Fine-Wool Sheep,,,2 candidates; top one shown
PRJNA809035,unreviewed,Northern bottlenose whale resequencing,Dalhousie University,10.1111/mec.16643,"de Greef E et al. (2022) Genomics reveal population structure, evolutionary history, and signatures of selection in the northern bottlenose whale, Hyperoodon ampullatus",,,
PRJNA809835,unreviewed,Betta genus sequencing,Nanchang University,10.1126/sciadv.abm4955,Zhang W et al. (2022) The genetic architecture of phenotypic diversity in the Betta fish (<i>Betta splendens</i>),,,
PRJNA817006,unreviewed,Whole Genome Sequencing of goose,China Agricultural University,10.1186/s40104-022-00826-9,"Wen J et al. (2023) Origins, timing and introgression of domestic geese revealed by whole genome data",,,
PRJNA827983,unreviewed,Ovis aries Raw sequence reads,Inner Mongolia Agricultural University,,,,,no Europe PMC full-text match
PRJNA830721,unreviewed,Sturnus tristis_CM2_WGS_Mt,SALIM ALI CENTRE FOR ORNITHOLOGY AND NATURAL HISTORY,,,,,no Europe PMC full-text match
PRJNA835294,unreviewed,Raw illumina sequence reads for hybrids of Marco Polo sheep and Tibetan sheep,China Agricultural University,10.3390/ani14030444,Sun X et al. (2024) Whole-Genome Resequencing Reveals Genetic Diversity and Wool Trait-Related Genes in Liangshan Semi-Fine-Wool Sheep,,,3 candidates; top one shown
PRJNA842867,unreviewed,Nucleotide resolution genetic mapping in pigs by publicly accessible whole genome imputation,South China Agricultural University,10.1038/s42003-026-09557-3,Chen D et al. (2026) The Neijiang pig T2T genome reveals domestication history and germplasm traits of Southwest Chinese local breeds,,,3 candidates; top one shown
PRJNA856472,unreviewed,Micropterus salmoides Raw sequence reads,BGI,,,,,no Europe PMC full-text match
PRJNA858961,unreviewed,Whole-genome resequencing of  Largemouth bass,Pearl River Fisheries Research Institute,10.3389/fgene.2022.936610,Du J et al. (2022) Genetic diversity analysis and development of molecular markers for the identification of largemouth bass (<i>Micropterus salmoides</i> L.) based on whole-genome re-sequencing,,,
PRJNA893818,unreviewed,Disturbance-mediated hybridization leads to extensive local introgression in common backyard birds,"University of Colorado, Boulder",,,,,no Europe PMC full-text match
PRJNA902934,unreviewed,genome sequencing of zig-zag eel,guangzhou university,,,,,no Europe PMC full-text match
PRJNA902967,unreviewed,Shot gun sequencing of genomes of Iberian freshwater fish species,Faculty of Sciences from the University of Lisbon,10.1111/1755-0998.14105,Curto M et al. (2025) Improving Whole Biodiversity Monitoring and Discovery With Environmental DNA Metagenomics,,,
PRJNA909969,unreviewed,Bat Genomes,Natural History Museum Berlin,,,,,no Europe PMC full-text match
PRJNA913262,unreviewed,Introgression analysis of the nine-spined stickleback,ioz,,,,,no Europe PMC full-text match
PRJNA914225,unreviewed,Neofelis,Shaanxi Normal University,10.1126/sciadv.adh9143,Yuan J et al. (2023) How genomic insights into the evolutionary history of clouded leopards inform their conservation,,,
PRJNA914998,unreviewed,A comparison of genomic diversity and demographic history of right whales,Saint Marys University,10.1111/eva.70055,Orton RW et al. (2024) Genomic Evidence for the Purging of Deleterious Genetic Variation in the Endangered North Atlantic Right Whale,,,2 candidates; top one shown
PRJNA917637,unreviewed,Population genomics of Dryobates woodpeckers,American Museum of Natural History,10.1126/sciadv.add0560,Moreira LR et al. (2023) Convergent genomic signatures of local adaptation across a continental-scale environmental gradient,,,
PRJNA928557,unreviewed,Acridotheres tristis isolate:AcTrisAU Genome sequencing and assembly,University of Auckland,10.1093/dnares/dsae005,"Stuart KC et al. (2024) The genome of a globally invasive passerine, the common myna, Acridotheres tristis",,,
PRJNA935671,unreviewed,Intra-locus sexual conflict in the three-spined stickleback genome,Laval University,,,,,no Europe PMC full-text match
PRJNA935977,unreviewed,Contrasting patterns of single nucleotide polymorphisms and structural variations across multiple invasions,University of Auckland,10.1093/molbev/msad046,Stuart KC et al. (2023) Contrasting Patterns of Single Nucleotide Polymorphisms and Structural Variation Across Multiple Invasions,,,
PRJNA936574,unreviewed,Scatophagus argus,Iridian Genomes,,,,,no Europe PMC full-text match
PRJNA938765,unreviewed,Concurrent starling invasions suggest selection on shared genomic regions even after  genetic bottlenecks,University of Auckland,10.1093/molbev/msad046,Stuart KC et al. (2023) Contrasting Patterns of Single Nucleotide Polymorphisms and Structural Variation Across Multiple Invasions,,,
PRJNA941958,unreviewed,Capra hircus Raw sequence reads,China Agricultural University,10.3389/fgene.2023.1118367,Wu H et al. (2023) Genome-wide analysis for the melatonin trait associated genes and SNPs in dairy goat (<i>Capra hircus</i>) as the molecular breeding markers,,,2 candidates; top one shown
PRJNA955240,unreviewed,Ocean-wide conservation genomics of blue whales suggest new Northern Hemisphere subspecies.,"Senckenberg BiK-F, LOEWE-TBG",10.1111/mec.17619,Wolf M et al. (2025) Ocean-Wide Conservation Genomics of Blue Whales Suggest New Northern Hemisphere Subspecies,,,
PRJNA956953,unreviewed,Tammar Wallaby (M. eugenii) T2T Genome,University of Connecticut,10.1073/pnas.2412185121,Milton AM et al. (2024) Imprinted X chromosome inactivation in marsupials: The paternal X arrives at the egg with a silent DNA methylation profile,,,
PRJNA957442,unreviewed,The genomic basis and environmental correlates of local adaptation in the Atlantic horse mackerel (Trachurus trachurus),Uppsala University,10.1111/eva.13559,Fuentes-Pardo AP et al. (2023) The genomic basis and environmental correlates of local adaptation in the Atlantic horse mackerel (<i>Trachurus trachurus</i>),,,
PRJNA967190,unreviewed,Intersex-single case study: male zebra finch with an ovary in place of testicles developed a typical song system.,"Max Planck Institute for Biological Intelligence, Seewiesen",,,,,no Europe PMC full-text match
PRJNA979930,unreviewed,Peregrine Falcon subspecies whole genome raw sequence reads,University of North Texas,10.1002/ece3.10347,Johnson JA et al. (2023) Whole-genome survey reveals extensive variation in genetic diversity and inbreeding levels among peregrine falcon subspecies,,,
PRJNA979932,unreviewed,Mapping seasonal migration in a songbird hybrid zone.,Texas A&M University,10.1093/jeb/voaf148,Blain SA et al. (2026) An experimental test for ecologically dependent reproductive isolation across an avian migratory divide,,,7 candidates; top one shown
PRJNA982083,unreviewed,Whole genome sequencing reveals fine-scale environment associated divergence near the range limits of a temperate reef fish.,Fisheries and Oceans Canada,,,,,no Europe PMC full-text match
PRJNA983248,unreviewed,Whole genome sequencing for Mack Super Snow leopard gecko mapping,Center for Applied Medical Research,10.1073/pnas.2400486121,Ullate-Agote A et al. (2024) The dynamic behavior of chromatophores marks the transition from bands to spots in leopard geckos,,,
PRJNA987636,unreviewed,A role for vocal rhythm in speciation,University of Cyprus,10.1093/sysbio/syaf033,Rancilhac L et al. (2025) Introgression across Narrow Contact Zones Shapes the Genomic Landscape of Phylogenetic Variation in an African Bird Clade,,,2 candidates; top one shown
PRJNA993631,unreviewed,Rhinolophus affinis isolate:bianfu-2019 Genome sequencing,Shaanxi Normal University,10.24272/j.issn.2095-8137.2024.027,Zhao L et al. (2024) Chromosome-level genome and population genomics of the intermediate horseshoe bat ( <i>Rhinolophus affinis)</i> reveal the molecular basis of virus tolerance in <i>Rhinolophus</i> and echolocation call frequency variation,,,
